"Variable","Display_name","Type","Coding_or_unit","Required"
"Coffee_consumption","Coffee consumption","Ordinal categorical","1=Almost none; 2=Occasional; 3=Frequent","Yes"
"Sports_status","Physical activity","Ordinal categorical","1=Rare; 2=Occasional; 3=Regular","Yes"
"AHI","AHI","Continuous/numeric","events/hour","Yes"
"MSaO2","Mean oxygen saturation","Continuous/numeric","%","Yes"
"Depressive_symptoms_total_score","PHQ-9 total score","Continuous/numeric","score","Yes"
"Anxiety_total_score","GAD-7 total score","Continuous/numeric","score","Yes"
"Drowsiness_total_score","ESS total score","Continuous/numeric","score","Yes"
"Stress_total_score","CPSS-14 total score","Continuous/numeric","score","Yes"
"Sleep_quality_total_score","PSQI total score","Continuous/numeric","score","Yes"
